{"cameraMode":{"drawMode":0,"name":"Shaded","section":"Shading Mode"},"sceneLighting":true,"audioPlay":false,"sceneViewState":{"showFog":true,"showMaterialUpdate":false,"showSkybox":true,"showFlares":true,"showImageEffects":true,"showParticleSystems":true},"in2DMode":false,"pivot":{"x":4.163029670715332,"y":1.2677136659622193,"z":1.3939034938812256},"rotation":{"x":-0.38849735260009768,"y":-0.035373058170080188,"z":0.014927149750292302,"w":-0.9206547141075134},"size":3.657393217086792,"orthographic":false}