{"cameraMode":{"drawMode":0,"name":"Shaded","section":"Shading Mode"},"sceneLighting":true,"audioPlay":false,"sceneViewState":{"showFog":true,"showMaterialUpdate":false,"showSkybox":true,"showFlares":true,"showImageEffects":true,"showParticleSystems":true},"in2DMode":false,"pivot":{"x":14.839356422424317,"y":-9.102054595947266,"z":6.735258102416992},"rotation":{"x":-0.4818897545337677,"y":0.0018372460035607219,"z":-0.0010105904657393695,"w":-0.8762319087982178},"size":31.36847496032715,"orthographic":false}