{"cameraMode":{"drawMode":0,"name":"Shaded","section":"Shading Mode"},"sceneLighting":true,"audioPlay":false,"sceneViewState":{"showFog":true,"showMaterialUpdate":false,"showSkybox":true,"showFlares":true,"showImageEffects":true,"showParticleSystems":true},"in2DMode":false,"pivot":{"x":11.761894226074219,"y":-7.961651802062988,"z":11.921856880187989},"rotation":{"x":-0.4281191825866699,"y":0.03712267801165581,"z":-0.017604710534214975,"w":-0.9027917981147766},"size":24.91100311279297,"orthographic":false}